female_family	male_family	male_rep_number	male_family_number	male_plant_number	date	number_of_GFP_kernels	number_of_WT_kernels	AC_present_in_parent	exclude_from_final_dataset	expression_category_a	MP_2017_FPKM_rank	SC_2017_FPKM_rank	seedling_2014_FPKM_rank	genetic_background	marker	not_HVY	allele	v3_gene	v4_gene
401	420-1	m1	420	1	8/27	261	289	0	FALSE	vegetative_cell_high	43	25	32	1	1	0	R08A07	GRMZM5G845021	Zm00001d048785
401	420-3	m1	420	3	8/22	204	247	0	FALSE	vegetative_cell_high	43	25	32	1	1	0	R08A07	GRMZM5G845021	Zm00001d048785
401	420-4	m1	420	4	8/22	202	207	0	FALSE	vegetative_cell_high	43	25	32	1	1	0	R08A07	GRMZM5G845021	Zm00001d048785
401	423-1	m1	423	1	8/27	135	171	1	FALSE	vegetative_cell_high	23	10	34	1	1	0	R103E04	GRMZM5G878153	Zm00001d034799
402	423-2	m1	423	2	8/24	208	224	0	FALSE	vegetative_cell_high	23	10	34	1	1	0	R103E04	GRMZM5G878153	Zm00001d034799
402	423-2	m2	423	2	8/27	255	259	0	FALSE	vegetative_cell_high	23	10	34	1	1	0	R103E04	GRMZM5G878153	Zm00001d034799
402	423-2	m3	423	2	8/25	318	287	0	FALSE	vegetative_cell_high	23	10	34	1	1	0	R103E04	GRMZM5G878153	Zm00001d034799
402	432-1	m1	432	1	8/22	188	176	0	FALSE	vegetative_cell_high	20	6	14	1	1	0	R23D05	GRMZM2G126858	Zm00001d026303
401	432-2	m1	432	2	8/22	194	188	0	FALSE	vegetative_cell_high	20	6	14	1	1	0	R23D05	GRMZM2G126858	Zm00001d026303
402	432-2	m2	432	2	8/25	183	149	0	FALSE	vegetative_cell_high	20	6	14	1	1	0	R23D05	GRMZM2G126858	Zm00001d026303
402	432-2	m3	432	2	8/24	212	207	0	FALSE	vegetative_cell_high	20	6	14	1	1	0	R23D05	GRMZM2G126858	Zm00001d026303
403	432-5	m1	432	5	8/19	260	269	0	FALSE	vegetative_cell_high	20	6	14	1	1	0	R23D05	GRMZM2G126858	Zm00001d026303
401	432L-3	m1	432	3	8/22	242	235	0	FALSE	vegetative_cell_high	20	6	14	1	1	0	R23D05	GRMZM2G126858	Zm00001d026303
403	433-3	m1	433	3	8/6	268	264	0	FALSE	vegetative_cell_high	37	14	16	1	1	0	R24D03	GRMZM2G120136	Zm00001d026445
403	433-5	m1	433	5	8/18	109	87	0	FALSE	vegetative_cell_high	37	14	16	1	1	0	R24D03	GRMZM2G120136	Zm00001d026445
403	433L-2	m1	433	2	9/2	111	135	0	FALSE	vegetative_cell_high	37	14	16	1	1	1	R24D03	GRMZM2G120136	Zm00001d026445
402	433L-2	m2	433	2	9/1	167	183	0	FALSE	vegetative_cell_high	37	14	16	1	1	0	R24D03	GRMZM2G120136	Zm00001d026445
403	435-1	m1	435	1	8/18	148	141	1	FALSE	vegetative_cell_high	24	17	28	1	1	0	R27E01	GRMZM2G016734	Zm00001d028820
401	435-5	m1	435	5	8/21	208	225	1	FALSE	vegetative_cell_high	24	17	28	1	1	0	R27E01	GRMZM2G016734	Zm00001d028820
402	435L-2	m1	435	2	8/31	124	145	1	FALSE	vegetative_cell_high	24	17	28	1	1	0	R27E01	GRMZM2G016734	Zm00001d028820
402	435L-2	m2	435	2	8/30	211	183	1	FALSE	vegetative_cell_high	24	17	28	1	1	0	R27E01	GRMZM2G016734	Zm00001d028820
402	435L-2	m3	435	2	9/1	253	315	1	FALSE	vegetative_cell_high	24	17	28	1	1	0	R27E01	GRMZM2G016734	Zm00001d028820
401	466-1	m1	466	1	8/22	234	226	0	FALSE	vegetative_cell_high	22	13	23	1	1	0	R77F09	GRMZM2G142249	Zm00001d032279
400	466-4	m1	466	4	8/28	127	136	0	FALSE	vegetative_cell_high	22	13	23	1	1	0	R77F09	GRMZM2G142249	Zm00001d032279
402	466-5	m1	466	5	8/20	209	216	0	FALSE	vegetative_cell_high	22	13	23	1	1	0	R77F09	GRMZM2G142249	Zm00001d032279
402	466-5	m2	466	5	8/24	278	326	0	FALSE	vegetative_cell_high	22	13	23	1	1	0	R77F09	GRMZM2G142249	Zm00001d032279
402	466-5	m3	466	5	8/22	194	202	0	FALSE	vegetative_cell_high	22	13	23	1	1	0	R77F09	GRMZM2G142249	Zm00001d032279
400	466L-2	m1	466	2	9/7	178	155	0	FALSE	vegetative_cell_high	22	13	23	1	1	1	R77F09	GRMZM2G142249	Zm00001d032279
403	486-1	m1	486	1	8/16	216	223	0	FALSE	vegetative_cell_high	28	19	26	2	1	0	R04G10	GRMZM2G114093	Zm00001d032310
403	486-1	m2	486	1	8/15	187	188	0	FALSE	vegetative_cell_high	28	19	26	2	1	0	R04G10	GRMZM2G114093	Zm00001d032310
402	486-2	m1	486	2	8/19	303	282	0	FALSE	vegetative_cell_high	28	19	26	2	1	0	R04G10	GRMZM2G114093	Zm00001d032310
402	486-2	m2	486	2	8/18	205	202	0	FALSE	vegetative_cell_high	28	19	26	2	1	0	R04G10	GRMZM2G114093	Zm00001d032310
402	486-2	m3	486	2	8/20	243	303	0	FALSE	vegetative_cell_high	28	19	26	2	1	0	R04G10	GRMZM2G114093	Zm00001d032310
402	486-3	m1	486	3	-	186	165	0	FALSE	vegetative_cell_high	28	19	26	2	1	0	R04G10	GRMZM2G114093	Zm00001d032310
402	418-1	m1	418	1	8/17	162	255	0	FALSE	vegetative_cell_high	25	27	3	1	1	0	R04A02	GRMZM2G359879	Zm00001d028437
402	418-1	m2	418	1	8/18	238	270	0	FALSE	vegetative_cell_high	25	27	3	1	1	0	R04A02	GRMZM2G359879	Zm00001d028437
402	418-1	m3	418	1	8/19	212	291	0	FALSE	vegetative_cell_high	25	27	3	1	1	0	R04A02	GRMZM2G359879	Zm00001d028437
400	418-2	m1	418	2	8/29	177	214	0	FALSE	vegetative_cell_high	25	27	3	1	1	0	R04A02	GRMZM2G359879	Zm00001d028437
401	418-3	m1	418	3	8/24	107	118	0	FALSE	vegetative_cell_high	25	27	3	1	1	0	R04A02	GRMZM2G359879	Zm00001d028437
401	421-1	m1	421	1	8/23	100	88	0	FALSE	vegetative_cell_high	50	51	21	1	1	1	R101B03	GRMZM2G012263	Zm00001d037061
401	421-1	m2	421	1	-	116	89	0	FALSE	vegetative_cell_high	50	51	21	1	1	1	R101B03	GRMZM2G012263	Zm00001d037061
402	421-1	m3	421	1	8/25	125	123	0	FALSE	vegetative_cell_high	50	51	21	1	1	1	R101B03	GRMZM2G012263	Zm00001d037061
400	421-2	m1	421	2	8/28	130	108	0	FALSE	vegetative_cell_high	50	51	21	1	1	0	R101B03	GRMZM2G012263	Zm00001d037061
402	421-4	m1	421	4	8/17	172	259	1	FALSE	vegetative_cell_high	50	51	21	1	1	0	R101B03	GRMZM2G012263	Zm00001d037061
402	421-5	m1	421	5	8/23	205	208	0	FALSE	vegetative_cell_high	50	51	21	1	1	0	R101B03	GRMZM2G012263	Zm00001d037061
402	421-5	m2	421	5	8/24	180	176	0	FALSE	vegetative_cell_high	50	51	21	1	1	0	R101B03	GRMZM2G012263	Zm00001d037061
402	421-5	m3	421	5	8/22	207	180	0	FALSE	vegetative_cell_high	50	51	21	1	1	0	R101B03	GRMZM2G012263	Zm00001d037061
400	422-1	m1	422	1	8/27	161	150	0	FALSE	vegetative_cell_high	48	36	33	1	1	0	R102H01	GRMZM2G350802	Zm00001d037695
402	422-1	m2	422	1	8/28	35	31	0	FALSE	vegetative_cell_high	48	36	33	1	1	1	R102H01	GRMZM2G350802	Zm00001d037695
402	422-2	m1	422	2	8/27	62	47	0	FALSE	vegetative_cell_high	48	36	33	1	1	0	R102H01	GRMZM2G350802	Zm00001d037695
402	422-2	m2	422	2	8/22	99	122	0	FALSE	vegetative_cell_high	48	36	33	1	1	0	R102H01	GRMZM2G350802	Zm00001d037695
402	422-2	m3	422	2	8/24	97	142	0	FALSE	vegetative_cell_high	48	36	33	1	1	1	R102H01	GRMZM2G350802	Zm00001d037695
402	422-4	m1	422	4	8/13	119	198	0	FALSE	vegetative_cell_high	48	36	33	1	1	0	R102H01	GRMZM2G350802	Zm00001d037695
401	422-4	m2	422	4	8/24	190	224	0	FALSE	vegetative_cell_high	48	36	33	1	1	0	R102H01	GRMZM2G350802	Zm00001d037695
402	427-2	m1	427	2	8/23	204	207	0	FALSE	sperm_cell_high	32	40	20	1	1	0	R106G12	GRMZM2G099382	Zm00001d044109
402	427-2	m2	427	2	8/22	270	283	0	FALSE	sperm_cell_high	32	40	20	1	1	0	R106G12	GRMZM2G099382	Zm00001d044109
402	427-2	m3	427	2	8/24	56	40	0	FALSE	sperm_cell_high	32	40	20	1	1	0	R106G12	GRMZM2G099382	Zm00001d044109
402	427-3	m1	427	3	8/18	229	234	0	FALSE	sperm_cell_high	32	40	20	1	1	0	R106G12	GRMZM2G099382	Zm00001d044109
402	427L-1	m1	427	1	8/30	126	145	0	FALSE	sperm_cell_high	32	40	20	1	1	1	R106G12	GRMZM2G099382	Zm00001d044109
401	439-1	m1	439	1	8/20	231	240	0	FALSE	vegetative_cell_high	39	31	13	1	1	0	R31H05	GRMZM2G136508	Zm00001d025437
402	439-1	m2	439	1	8/19	198	166	0	FALSE	vegetative_cell_high	39	31	13	1	1	0	R31H05	GRMZM2G136508	Zm00001d025437
402	439-1	m3	439	1	8/18	153	167	0	FALSE	vegetative_cell_high	39	31	13	1	1	0	R31H05	GRMZM2G136508	Zm00001d025437
403	439-3	m1	439	3	8/18	207	192	0	FALSE	vegetative_cell_high	39	31	13	1	1	0	R31H05	GRMZM2G136508	Zm00001d025437
402	439-4	m1	439	4	8/17	168	185	0	FALSE	vegetative_cell_high	39	31	13	1	1	0	R31H05	GRMZM2G136508	Zm00001d025437
402	440-1	m1	440	1	8/22	205	246	0	FALSE	vegetative_cell_high	41	26	31	1	1	1	R33F03	GRMZM2G039583	Zm00001d022250
402	440-1	m2	440	1	8/23	235	305	0	FALSE	vegetative_cell_high	41	26	31	1	1	0	R33F03	GRMZM2G039583	Zm00001d022250
402	440-1	m3	440	1	8/24	166	203	0	FALSE	vegetative_cell_high	41	26	31	1	1	0	R33F03	GRMZM2G039583	Zm00001d022250
401	440-2	m1	440	2	8/23	199	271	0	FALSE	vegetative_cell_high	41	26	31	1	1	0	R33F03	GRMZM2G039583	Zm00001d022250
401	440-3	m1	440	3	8/20	125	168	0	FALSE	vegetative_cell_high	41	26	31	1	1	0	R33F03	GRMZM2G039583	Zm00001d022250
400	440L-2	m1	440	2	8/31	123	150	0	FALSE	vegetative_cell_high	41	26	31	1	1	0	R33F03	GRMZM2G039583	Zm00001d022250
401	442-1	m1	442	1	8/20	199	228	1	FALSE	vegetative_cell_high	36	42	2	1	1	0	R35A08	GRMZM2G172751	Zm00001d027590
401	442-2	m1	442	2	8/29	142	165	1	FALSE	vegetative_cell_high	36	42	2	1	1	0	R35A08	GRMZM2G172751	Zm00001d027590
402	442-3	m1	442	3	8/18	79	66	0	FALSE	vegetative_cell_high	36	42	2	1	1	0	R35A08	GRMZM2G172751	Zm00001d027590
402	442-3	m2	442	3	8/28	199	206	0	FALSE	vegetative_cell_high	36	42	2	1	1	0	R35A08	GRMZM2G172751	Zm00001d027590
402	450-1	m1	450	1	8/28	174	232	0	FALSE	vegetative_cell_high	34	41	22	1	1	0	R52E07	GRMZM5G827174	Zm00001d007845
402	450-2	m2	450	2	8/24	201	208	0	FALSE	vegetative_cell_high	34	41	22	1	1	0	R52E07	GRMZM5G827174	Zm00001d007845
402	450-2	m3	450	2	8/25	187	217	0	FALSE	vegetative_cell_high	34	41	22	1	1	0	R52E07	GRMZM5G827174	Zm00001d007845
402	450-2	m1	450	2	8/22	248	253	0	FALSE	vegetative_cell_high	34	41	22	1	1	0	R52E07	GRMZM5G827174	Zm00001d007845
401	459-2	m1	459	2	-	224	243	0	FALSE	vegetative_cell_high	52	50	11	1	1	0	R67C09	GRMZM2G135570	Zm00001d014731
402	459-3	m1	459	3	-	239	349	0	FALSE	vegetative_cell_high	52	50	11	1	1	0	R67C09	GRMZM2G135570	Zm00001d014731
400	459-3	m2	459	3	-	144	169	0	FALSE	vegetative_cell_high	52	50	11	1	1	0	R67C09	GRMZM2G135570	Zm00001d014731
402	459-3	m3	459	3	8/27	153	191	0	FALSE	vegetative_cell_high	52	50	11	1	1	0	R67C09	GRMZM2G135570	Zm00001d014731
402	459L-1	m1	459	1	-	68	98	0	FALSE	vegetative_cell_high	52	50	11	1	1	0	R67C09	GRMZM2G135570	Zm00001d014731
401	468A-1	m1	468	1	-	148	181	0	FALSE	vegetative_cell_high	50	51	21	1	1	0	R81E02	GRMZM2G012263	Zm00001d037061
402	468A-2	m1	468	2	8/15	217	190	0	FALSE	vegetative_cell_high	50	51	21	1	1	0	R81E02	GRMZM2G012263	Zm00001d037061
402	468A-2	m2	468	2	8/17	150	179	0	FALSE	vegetative_cell_high	50	51	21	1	1	0	R81E02	GRMZM2G012263	Zm00001d037061
402	468A-2	m3	468	2	8/18	151	174	0	FALSE	vegetative_cell_high	50	51	21	1	1	0	R81E02	GRMZM2G012263	Zm00001d037061
403	468A-2	m4	468	2	8/16	278	238	0	FALSE	vegetative_cell_high	50	51	21	1	1	0	R81E02	GRMZM2G012263	Zm00001d037061
402	468A-5	m1	468	5	8/17	180	156	0	FALSE	vegetative_cell_high	50	51	21	1	1	0	R81E02	GRMZM2G012263	Zm00001d037061
400	468AL-2	m1	468	2	8/28	167	153	0	FALSE	vegetative_cell_high	50	51	21	1	1	0	R81E02	GRMZM2G012263	Zm00001d037061
401E	471A-2	m1	471	2	8/13	204	205	0	FALSE	vegetative_cell_high	30	38	30	1	1	0	R83B04	GRMZM2G142863	Zm00001d003947
402	475A-1	m1	475	1	8/17	150	115	0	FALSE	vegetative_cell_high	45	46	12	1	1	1	R88B08	GRMZM2G018372	Zm00001d041514
402	475A-1	m2	475	1	8/14	199	178	0	FALSE	vegetative_cell_high	45	46	12	1	1	0	R88B08	GRMZM2G018372	Zm00001d041514
402	475A-1	m3	475	1	8/18	197	192	0	FALSE	vegetative_cell_high	45	46	12	1	1	0	R88B08	GRMZM2G018372	Zm00001d041514
401	475A-3	m1	475	3	8/20	226	242	0	FALSE	vegetative_cell_high	45	46	12	1	1	0	R88B08	GRMZM2G018372	Zm00001d041514
403	475A-5	m1	475	5	8/18	196	220	0	FALSE	vegetative_cell_high	45	46	12	1	1	0	R88B08	GRMZM2G018372	Zm00001d041514
401	481A-1	m1	481	1	8/24	185	218	1	FALSE	vegetative_cell_high	42	45	5	1	1	0	R92F08	GRMZM2G153987	Zm00001d014782
402	481A-2	m1	481	2	8/17	145	147	0	FALSE	vegetative_cell_high	42	45	5	1	1	0	R92F08	GRMZM2G153987	Zm00001d014782
403	481A-3	m1	481	3	8/18	120	117	1	FALSE	vegetative_cell_high	42	45	5	1	1	0	R92F08	GRMZM2G153987	Zm00001d014782
400	481AL-1	m1	481	1	9/5	134	201	0	FALSE	vegetative_cell_high	42	45	5	1	1	0	R92F08	GRMZM2G153987	Zm00001d014782
400	481AL-1	m2	481	1	9/4	58	76	0	FALSE	vegetative_cell_high	42	45	5	1	1	1	R92F08	GRMZM2G153987	Zm00001d014782
400	481AL-1	m3	481	1	9/6	133	186	0	FALSE	vegetative_cell_high	42	45	5	1	1	0	R92F08	GRMZM2G153987	Zm00001d014782
402	487A-1	m1	487	1	8/22	208	194	0	FALSE	vegetative_cell_high	21	29	19	2	1	0	R32B05	GRMZM2G134054	Zm00001d034839
402	487A-1	m2	487	1	8/24	174	185	0	FALSE	vegetative_cell_high	21	29	19	2	1	0	R32B05	GRMZM2G134054	Zm00001d034839
401	488-1	m1	488	1	8/20	250	248	0	FALSE	vegetative_cell_high	46	34	25	2	1	0	R34C11	GRMZM2G045278	Zm00001d012382
402	488-2	m1	488	2	8/13	317	310	0	FALSE	vegetative_cell_high	46	34	25	2	1	0	R34C11	GRMZM2G045278	Zm00001d012382
402	488-3	m1	488	3	8/16	229	299	0	FALSE	vegetative_cell_high	46	34	25	2	1	0	R34C11	GRMZM2G045278	Zm00001d012382
402	488-3	m2	488	3	8/17	289	303	0	FALSE	vegetative_cell_high	46	34	25	2	1	0	R34C11	GRMZM2G045278	Zm00001d012382
403	488-3	m3	488	3	8/18	211	201	0	FALSE	vegetative_cell_high	46	34	25	2	1	0	R34C11	GRMZM2G045278	Zm00001d012382
402	489-3	m1	489	3	8/20	185	175	0	FALSE	vegetative_cell_high	21	29	19	2	1	0	R45E04	GRMZM2G134054	Zm00001d034839
402	489-3	m2	489	3	8/22	254	241	0	FALSE	vegetative_cell_high	21	29	19	2	1	0	R45E04	GRMZM2G134054	Zm00001d034839
402	489-3	m3	489	3	-	244	242	0	FALSE	vegetative_cell_high	21	29	19	2	1	0	R45E04	GRMZM2G134054	Zm00001d034839
403	489-4	m1	489	4	8/17	229	277	0	FALSE	vegetative_cell_high	21	29	19	2	1	0	R45E04	GRMZM2G134054	Zm00001d034839
401	489-5	m1	489	5	8/24	287	264	0	FALSE	vegetative_cell_high	21	29	19	2	1	0	R45E04	GRMZM2G134054	Zm00001d034839
401	490-1	m1	490	1	8/24	264	313	0	FALSE	vegetative_cell_high	49	48	7	2	1	0	R49F11	GRMZM2G012328	Zm00001d003431
402	490-3	m1	490	3	8/17	87	143	0	FALSE	vegetative_cell_high	49	48	7	2	1	0	R49F11	GRMZM2G012328	Zm00001d003431
402	490-5	m1	490	5	8/22	266	293	0	FALSE	vegetative_cell_high	49	48	7	2	1	0	R49F11	GRMZM2G012328	Zm00001d003431
402	490-5	m2	490	5	8/20	228	328	0	FALSE	vegetative_cell_high	49	48	7	2	1	0	R49F11	GRMZM2G012328	Zm00001d003431
402	490-5	m3	490	5	8/24	196	255	0	FALSE	vegetative_cell_high	49	48	7	2	1	0	R49F11	GRMZM2G012328	Zm00001d003431
402	498-2	m1	498	2	8/17	270	268	0	FALSE	vegetative_cell_high	46	34	25	2	1	0	R107C12	GRMZM2G045278	Zm00001d012382
403	498-2	m2	498	2	8/18	238	219	0	FALSE	vegetative_cell_high	46	34	25	2	1	0	R107C12	GRMZM2G045278	Zm00001d012382
403	498-2	m3	498	2	8/16	215	240	0	FALSE	vegetative_cell_high	46	34	25	2	1	0	R107C12	GRMZM2G045278	Zm00001d012382
403	498-3	m1	498	3	8/18	208	255	0	FALSE	vegetative_cell_high	46	34	25	2	1	0	R107C12	GRMZM2G045278	Zm00001d012382
403	498-4	m1	498	4	-	196	196	0	FALSE	vegetative_cell_high	46	34	25	2	1	0	R107C12	GRMZM2G045278	Zm00001d012382
403	498-5	m1	498	5	8/15	129	181	1	FALSE	vegetative_cell_high	46	34	25	2	1	0	R107C12	GRMZM2G045278	Zm00001d012382
400	498L-2	m1	498	2	9/4	168	196	0	FALSE	vegetative_cell_high	46	34	25	2	1	0	R107C12	GRMZM2G045278	Zm00001d012382
403	498L-2	m2	498	2	8/27	238	222	0	FALSE	vegetative_cell_high	46	34	25	2	1	0	R107C12	GRMZM2G045278	Zm00001d012382
402	434-1	m1	434	1	8/17	294	236	1	FALSE	sperm_cell_high	19	39	9	1	1	0	R26G07	GRMZM2G007659	Zm00001d042810
401	434-3	m1	434	3	8/24	155	148	1	FALSE	sperm_cell_high	19	39	9	1	1	0	R26G07	GRMZM2G007659	Zm00001d042810
400	434L-1	m1	434	1	9/5	120	162	1	FALSE	sperm_cell_high	19	39	9	1	1	0	R26G07	GRMZM2G007659	Zm00001d042810
402	437-1	m1	437	1	8/18	92	80	0	FALSE	sperm_cell_high	12	32	27	1	1	0	R31B01	GRMZM2G160069	Zm00001d025834
402	437-1	m2	437	1	8/17	185	209	0	FALSE	sperm_cell_high	12	32	27	1	1	0	R31B01	GRMZM2G160069	Zm00001d025834
402	437-1	m3	437	1	8/19	80	85	0	FALSE	sperm_cell_high	12	32	27	1	1	0	R31B01	GRMZM2G160069	Zm00001d025834
403	437-2	m1	437	2	8/18	105	119	0	FALSE	sperm_cell_high	12	32	27	1	1	0	R31B01	GRMZM2G160069	Zm00001d025834
401	437-3	m1	437	3	8/22	185	209	0	FALSE	sperm_cell_high	12	32	27	1	1	0	R31B01	GRMZM2G160069	Zm00001d025834
402	441-2	m1	441	2	8/15	280	261	0	FALSE	sperm_cell_high	18	43	24	1	1	1	R35A03	GRMZM2G172726	Zm00001d021974
402	441-2	m2	441	2	8/17	241	226	0	FALSE	sperm_cell_high	18	43	24	1	1	1	R35A03	GRMZM2G172726	Zm00001d021974
402	441-2	m3	441	2	8/16	286	259	0	FALSE	sperm_cell_high	18	43	24	1	1	0	R35A03	GRMZM2G172726	Zm00001d021974
403	441-3	m1	441	3	8/18	171	190	0	FALSE	sperm_cell_high	18	43	24	1	1	0	R35A03	GRMZM2G172726	Zm00001d021974
402	451A-1	m1	451	1	8/28	219	191	0	FALSE	sperm_cell_high	11	33	29	1	1	0	R53C03	GRMZM2G038252	Zm00001d043076
402	451A-4	m1	451	4	8/24	205	207	0	FALSE	sperm_cell_high	11	33	29	1	1	1	R53C03	GRMZM2G038252	Zm00001d043076
402	451A-4	m2	451	4	8/25	245	226	0	FALSE	sperm_cell_high	11	33	29	1	1	0	R53C03	GRMZM2G038252	Zm00001d043076
402	451A-5	m1	451	5	8/24	186	174	0	FALSE	sperm_cell_high	11	33	29	1	1	0	R53C03	GRMZM2G038252	Zm00001d043076
402	451A-5	m2	451	5	8/25	249	263	0	FALSE	sperm_cell_high	11	33	29	1	1	0	R53C03	GRMZM2G038252	Zm00001d043076
402	454-3	m1	454	3	8/15	162	163	0	FALSE	sperm_cell_high	13	37	4	1	1	0	R60D10	GRMZM2G365613	Zm00001d006218
402	454-3	m2	454	3	8/13	277	283	0	FALSE	sperm_cell_high	13	37	4	1	1	0	R60D10	GRMZM2G365613	Zm00001d006218
402	454-3	m3	454	3	8/17	318	292	0	FALSE	sperm_cell_high	13	37	4	1	1	0	R60D10	GRMZM2G365613	Zm00001d006218
403	454-3	m4	454	3	8/16	235	217	0	FALSE	sperm_cell_high	13	37	4	1	1	0	R60D10	GRMZM2G365613	Zm00001d006218
400	454L-1	m1	454	1	-	93	68	0	FALSE	sperm_cell_high	13	37	4	1	1	0	R60D10	GRMZM2G365613	Zm00001d006218
403	474-1	m1	474	1	8/15	94	98	0	FALSE	sperm_cell_high	8	35	17	1	1	0	R87A03	GRMZM2G100318	Zm00001d012128
402	474-2	m1	474	2	8/24	178	197	0	FALSE	sperm_cell_high	8	35	17	1	1	0	R87A03	GRMZM2G100318	Zm00001d012128
401	474-2	m2	474	2	8/23	156	180	0	FALSE	sperm_cell_high	8	35	17	1	1	0	R87A03	GRMZM2G100318	Zm00001d012128
402	474-4	m1	474	4	8/18	257	226	0	FALSE	sperm_cell_high	8	35	17	1	1	1	R87A03	GRMZM2G100318	Zm00001d012128
401	474-4	m2	474	4	8/20	275	250	0	FALSE	sperm_cell_high	8	35	17	1	1	0	R87A03	GRMZM2G100318	Zm00001d012128
402	474-4	m3	474	4	8/18	261	255	0	FALSE	sperm_cell_high	8	35	17	1	1	0	R87A03	GRMZM2G100318	Zm00001d012128
402	474-4	m4	474	4	8/19	141	162	0	FALSE	sperm_cell_high	8	35	17	1	1	0	R87A03	GRMZM2G100318	Zm00001d012128
402	474-4	m5	474	4	8/17	178	170	0	FALSE	sperm_cell_high	8	35	17	1	1	1	R87A03	GRMZM2G100318	Zm00001d012128
401	491-1	m1	491	1	8/22	103	228	1	FALSE	sperm_cell_high	16	47	1	2	1	0	R82A03	GRMZM2G036832	Zm00001d005781
401	491L-2	m1	491	2	8/27	129	248	1	FALSE	sperm_cell_high	16	47	1	2	1	0	R82A03	GRMZM2G036832	Zm00001d005781
401	491-5	m1	491	5	8/20	119	223	1	FALSE	sperm_cell_high	16	47	1	2	1	0	R82A03	GRMZM2G036832	Zm00001d005781
402	492-1	m1	492	1	8/13	105	264	0	FALSE	sperm_cell_high	16	47	1	2	1	0	R84A12	GRMZM2G036832	Zm00001d005781
402	492-1	m2	492	1	8/15	58	279	0	FALSE	sperm_cell_high	16	47	1	2	1	0	R84A12	GRMZM2G036832	Zm00001d005781
402	492-1	m3	492	1	8/17	55	285	0	FALSE	sperm_cell_high	16	47	1	2	1	0	R84A12	GRMZM2G036832	Zm00001d005781
403	492-1	m4	492	1	8/18	81	229	0	FALSE	sperm_cell_high	16	47	1	2	1	0	R84A12	GRMZM2G036832	Zm00001d005781
401	492-2	m1	492	2	8/20	69	232	0	FALSE	sperm_cell_high	16	47	1	2	1	0	R84A12	GRMZM2G036832	Zm00001d005781
401	492-3	m1	492	3	8/13	82	206	0	FALSE	sperm_cell_high	16	47	1	2	1	0	R84A12	GRMZM2G036832	Zm00001d005781
402	494-1	m1	494	1	8/20	138	129	0	FALSE	sperm_cell_high	15	44	10	2	1	0	R91F11	GRMZM2G114899	Zm00001d034788
402	494-1	m2	494	1	8/17	312	272	0	FALSE	sperm_cell_high	15	44	10	2	1	0	R91F11	GRMZM2G114899	Zm00001d034788
403	494-1	m3	494	1	8/18	195	221	0	FALSE	sperm_cell_high	15	44	10	2	1	0	R91F11	GRMZM2G114899	Zm00001d034788
402	494-2	m1	494	2	8/15	249	254	0	FALSE	sperm_cell_high	15	44	10	2	1	0	R91F11	GRMZM2G114899	Zm00001d034788
401	494-4	m1	494	4	8/22	147	197	0	FALSE	sperm_cell_high	15	44	10	2	1	0	R91F11	GRMZM2G114899	Zm00001d034788
401	415-1	m1	415	1	8/27	154	172	0	FALSE	vegetative_cell_high	38	23	52	1	1	0	R01G01	GRMZM2G124434	Zm00001d032950
403	415-3	m1	415	3	8/18	159	162	0	FALSE	vegetative_cell_high	38	23	52	1	1	0	R01G01	GRMZM2G124434	Zm00001d032950
403	415-4	m1	415	4	8/20	203	197	0	FALSE	vegetative_cell_high	38	23	52	1	1	0	R01G01	GRMZM2G124434	Zm00001d032950
402	415-4	m2	415	4	8/22	198	223	0	FALSE	vegetative_cell_high	38	23	52	1	1	0	R01G01	GRMZM2G124434	Zm00001d032950
402	415-4	m3	415	4	8/23	146	144	0	FALSE	vegetative_cell_high	38	23	52	1	1	0	R01G01	GRMZM2G124434	Zm00001d032950
400	415L-1	m1	415	1	8/31	148	177	0	FALSE	vegetative_cell_high	38	23	52	1	1	0	R01G01	GRMZM2G124434	Zm00001d032950
401	417-2	m1	417	2	8/20	114	123	0	FALSE	vegetative_cell_high	26	22	39	1	1	0	R02D02	GRMZM2G006894	Zm00001d026490
402	417-2	m2	417	2	8/19	139	147	0	FALSE	vegetative_cell_high	26	22	39	1	1	0	R02D02	GRMZM2G006894	Zm00001d026490
402	417-2	m3	417	2	8/22	99	97	0	FALSE	vegetative_cell_high	26	22	39	1	1	0	R02D02	GRMZM2G006894	Zm00001d026490
400	417-3	m1	417	3	8/27	163	157	0	FALSE	vegetative_cell_high	26	22	39	1	1	0	R02D02	GRMZM2G006894	Zm00001d026490
401	445-1	m1	445	1	8/22	184	155	0	FALSE	vegetative_cell_high	35	28	51	1	1	0	R41F01	GRMZM2G056252	Zm00001d017840
401	445-2	m1	445	2	8/20	242	255	0	FALSE	vegetative_cell_high	35	28	51	1	1	0	R41F01	GRMZM2G056252	Zm00001d017840
402	445-2	m2	445	2	8/22	214	245	0	FALSE	vegetative_cell_high	35	28	51	1	1	0	R41F01	GRMZM2G056252	Zm00001d017840
402	445-2	m3	445	2	-	261	271	0	FALSE	vegetative_cell_high	35	28	51	1	1	0	R41F01	GRMZM2G056252	Zm00001d017840
403	445-4	m1	445	4	8/16	244	231	0	FALSE	vegetative_cell_high	35	28	51	1	1	0	R41F01	GRMZM2G056252	Zm00001d017840
400	445L-3	m1	445	3	9/2	173	181	0	FALSE	vegetative_cell_high	35	28	51	1	1	0	R41F01	GRMZM2G056252	Zm00001d017840
402	462A-1	m1	462	1	8/20	156	200	0	FALSE	vegetative_cell_high	31	9	43	1	1	0	R72D11	GRMZM2G035243	Zm00001d027856
401	462A-3	m1	462	3	8/22	202	201	0	FALSE	vegetative_cell_high	31	9	43	1	1	0	R72D11	GRMZM2G035243	Zm00001d027856
402	462A-3	m2	462	3	9/17	238	222	0	FALSE	vegetative_cell_high	31	9	43	1	1	0	R72D11	GRMZM2G035243	Zm00001d027856
402	462A-3	m3	462	3	8/18	305	306	0	FALSE	vegetative_cell_high	31	9	43	1	1	0	R72D11	GRMZM2G035243	Zm00001d027856
402	462A-3	m4	462	3	8/20	214	193	0	FALSE	vegetative_cell_high	31	9	43	1	1	0	R72D11	GRMZM2G035243	Zm00001d027856
401	469A-2	m1	469	2	8/24	238	217	0	FALSE	vegetative_cell_high	29	16	50	1	1	0	R81G05	GRMZM5G876898	Zm00001d002258
402	469A-3	m1	469	3	8/19	293	259	0	FALSE	vegetative_cell_high	29	16	50	1	1	0	R81G05	GRMZM5G876898	Zm00001d002258
402	469A-3	m2	469	3	8/18	283	271	0	FALSE	vegetative_cell_high	29	16	50	1	1	0	R81G05	GRMZM5G876898	Zm00001d002258
402	469A-3	m3	469	3	8/20	273	244	0	FALSE	vegetative_cell_high	29	16	50	1	1	0	R81G05	GRMZM5G876898	Zm00001d002258
401	480A-1	m1	480	1	8/20	240	200	0	FALSE	vegetative_cell_high	33	15	35	1	1	0	R92A10	GRMZM2G095206	Zm00001d046483
401	480A-3	m1	480	3	8/28	259	239	0	FALSE	vegetative_cell_high	33	15	35	1	1	0	R92A10	GRMZM2G095206	Zm00001d046483
402	480A-4	m1	480	4	8/17	247	238	0	FALSE	vegetative_cell_high	33	15	35	1	1	1	R92A10	GRMZM2G095206	Zm00001d046483
402	480A-4	m2	480	4	8/18	293	261	0	FALSE	vegetative_cell_high	33	15	35	1	1	0	R92A10	GRMZM2G095206	Zm00001d046483
402	480A-4	m3	480	4	8/19	171	160	0	FALSE	vegetative_cell_high	33	15	35	1	1	0	R92A10	GRMZM2G095206	Zm00001d046483
401	484-3	m1	484	3	8/24	193	259	0	FALSE	vegetative_cell_high	44	20	42	1	1	0	R98H09	GRMZM5G872068	Zm00001d017958
402	484-3	m2	484	3	8/22	260	273	0	FALSE	vegetative_cell_high	44	20	42	1	1	0	R98H09	GRMZM5G872068	Zm00001d017958
402	484-3	m3	484	3	8/25	196	191	0	FALSE	vegetative_cell_high	44	20	42	1	1	0	R98H09	GRMZM5G872068	Zm00001d017958
401	484-4	m1	484	4	8/22	190	223	0	FALSE	vegetative_cell_high	44	20	42	1	1	1	R98H09	GRMZM5G872068	Zm00001d017958
402	484-4	m2	484	4	8/24	215	210	0	FALSE	vegetative_cell_high	44	20	42	1	1	0	R98H09	GRMZM5G872068	Zm00001d017958
401	484-4	m3	484	4	-	229	258	0	FALSE	vegetative_cell_high	44	20	42	1	1	0	R98H09	GRMZM5G872068	Zm00001d017958
402	484-4	m4	484	4	8/25	162	185	0	FALSE	vegetative_cell_high	44	20	42	1	1	0	R98H09	GRMZM5G872068	Zm00001d017958
400	485-1	m1	485	1	8/24	220	217	0	FALSE	vegetative_cell_high	27	24	38	1	1	0	R99B02	GRMZM2G102912	Zm00001d015242
401	485-3	m1	485	3	8/20	192	209	0	FALSE	vegetative_cell_high	27	24	38	1	1	0	R99B02	GRMZM2G102912	Zm00001d015242
400	485-5	m1	485	5	9/4	194	192	0	FALSE	vegetative_cell_high	27	24	38	1	1	0	R99B02	GRMZM2G102912	Zm00001d015242
402	485-5	m2	485	5	9/2	287	293	0	FALSE	vegetative_cell_high	27	24	38	1	1	0	R99B02	GRMZM2G102912	Zm00001d015242
400	485L-3	m1	485	3	8/31	149	150	0	FALSE	vegetative_cell_high	27	24	38	1	1	0	R99B02	GRMZM2G102912	Zm00001d015242
400	485L-3	m2	485	3	8/28	139	155	0	FALSE	vegetative_cell_high	27	24	38	1	1	0	R99B02	GRMZM2G102912	Zm00001d015242
402	426-1	m1	426	1	8/24	154	143	0	FALSE	seedling_only	1	3	46	1	1	0	R106F04	AC217975.3_FG001	Zm00001d022274
402	426-1	m2	426	1	8/26	205	223	0	FALSE	seedling_only	1	3	46	1	1	0	R106F04	AC217975.3_FG001	Zm00001d022274
402	426-1	m3	426	1	8/25	224	221	0	FALSE	seedling_only	1	3	46	1	1	0	R106F04	AC217975.3_FG001	Zm00001d022274
400	426L-2	m2	426	2	-	117	131	0	FALSE	seedling_only	1	3	46	1	1	0	R106F04	AC217975.3_FG001	Zm00001d022274
400	429-1	m1	429	1	8/28	195	194	0	FALSE	seedling_only	5	4	36	1	1	0	R12H07	GRMZM2G044882	Zm00001d051110
402	429-2	m1	429	2	8/25	156	178	0	FALSE	seedling_only	5	4	36	1	1	0	R12H07	GRMZM2G044882	Zm00001d051110
402	429-2	m2	429	2	8/24	256	234	0	FALSE	seedling_only	5	4	36	1	1	0	R12H07	GRMZM2G044882	Zm00001d051110
402	429-2	m3	429	2	8/22	180	197	0	FALSE	seedling_only	5	4	36	1	1	0	R12H07	GRMZM2G044882	Zm00001d051110
400	429L-1	m1	429	1	8/28	160	166	0	FALSE	seedling_only	5	4	36	1	1	0	R12H07	GRMZM2G044882	Zm00001d051110
402	447-1	m1	447	1	8/15	230	244	0	FALSE	seedling_only	2	2	47	1	1	0	R46C04	GRMZM2G051403	Zm00001d013295
402	447-3	m1	447	3	8/15	286	290	0	FALSE	seedling_only	2	2	47	1	1	0	R46C04	GRMZM2G051403	Zm00001d013295
402	447-3	m2	447	3	8/17	279	235	0	FALSE	seedling_only	2	2	47	1	1	0	R46C04	GRMZM2G051403	Zm00001d013295
402	447-3	m3	447	3	8/18	167	163	0	FALSE	seedling_only	2	2	47	1	1	1	R46C04	GRMZM2G051403	Zm00001d013295
403	447-3	m4	447	3	8/16	175	148	0	FALSE	seedling_only	2	2	47	1	1	0	R46C04	GRMZM2G051403	Zm00001d013295
402	447-4	m1	447	4	8/15	287	273	0	FALSE	seedling_only	2	2	47	1	1	0	R46C04	GRMZM2G051403	Zm00001d013295
402	449A-1	m1	449	1	8/27	152	171	0	FALSE	seedling_only	6	5	45	1	1	0	R52B09	GRMZM2G342243	Zm00001d036283
402	449A-1	m2	449	1	8/24	160	139	0	FALSE	seedling_only	6	5	45	1	1	1	R52B09	GRMZM2G342243	Zm00001d036283
402	449A-1	m3	449	1	8/22	73	78	0	FALSE	seedling_only	6	5	45	1	1	0	R52B09	GRMZM2G342243	Zm00001d036283
402	449A-1	m4	449	1	8/28	113	122	0	FALSE	seedling_only	6	5	45	1	1	1	R52B09	GRMZM2G342243	Zm00001d036283
402	456-2	m1	456	2	8/23	328	313	0	FALSE	seedling_only	17	11	37	1	1	0	R63F09	GRMZM2G000052	Zm00001d002266
402	456-2	m2	456	2	8/22	229	263	0	FALSE	seedling_only	17	11	37	1	1	0	R63F09	GRMZM2G000052	Zm00001d002266
402	456-2	m3	456	2	8/20	71	65	0	FALSE	seedling_only	17	11	37	1	1	0	R63F09	GRMZM2G000052	Zm00001d002266
402	456L-1	m1	456	1	9/2	295	311	1	FALSE	seedling_only	17	11	37	1	1	0	R63F09	GRMZM2G000052	Zm00001d002266
402	456L-3	m1	456	3	9/2	139	137	1	FALSE	seedling_only	17	11	37	1	1	0	R63F09	GRMZM2G000052	Zm00001d002266
402	458-1	m1	458	1	8/25	246	249	1	FALSE	seedling_only	4	1	49	1	1	0	R65E02	GRMZM2G129209	Zm00001d007228
402	458-1	m2	458	1	8/22	204	238	1	FALSE	seedling_only	4	1	49	1	1	0	R65E02	GRMZM2G129209	Zm00001d007228
402	458-1	m3	458	1	8/24	143	162	1	FALSE	seedling_only	4	1	49	1	1	0	R65E02	GRMZM2G129209	Zm00001d007228
402	458-2/3	m1	458	2/	8/19	181	189	0	FALSE	seedling_only	4	1	49	1	1	0	R65E02	GRMZM2G129209	Zm00001d007228
402	458-2/3	m3	458	2/	8/20	64	53	0	FALSE	seedling_only	4	1	49	1	1	0	R65E02	GRMZM2G129209	Zm00001d007228
402	458-2/3	m2	458	2/	8/18	121	148	0	FALSE	seedling_only	4	1	49	1	1	0	R65E02	GRMZM2G129209	Zm00001d007228
402	461B-1	m2	461	1	-	142	122	0	FALSE	vegetative_cell_high	40	7	6	1	1	0	R69C04	GRMZM2G307402	Zm00001d036330
401	461B-1	m3	461	1	8/20	218	197	0	FALSE	vegetative_cell_high	40	7	6	1	1	0	R69C04	GRMZM2G307402	Zm00001d036330
402	461B-3	m1	461	3	8/15	204	271	0	FALSE	vegetative_cell_high	40	7	6	1	1	0	R69C04	GRMZM2G307402	Zm00001d036330
402	461B-4	m1	461	4	8/17	114	137	0	FALSE	vegetative_cell_high	40	7	6	1	1	0	R69C04	GRMZM2G307402	Zm00001d036330
402	444B-1	m1	444	1	8/23	290	240	0	FALSE	vegetative_cell_high	47	52	18	1	2	0	R39B06	GRMZM2G089699	Zm00001d048384
402	444B-1	m2	444	1	8/22	181	194	0	FALSE	vegetative_cell_high	47	52	18	1	2	0	R39B06	GRMZM2G089699	Zm00001d048384
402	444B-1	m3	444	1	8/20	146	121	0	FALSE	vegetative_cell_high	47	52	18	1	2	0	R39B06	GRMZM2G089699	Zm00001d048384
403	444B-3	m1	444	3	8/18	119	151	0	FALSE	vegetative_cell_high	47	52	18	1	2	0	R39B06	GRMZM2G089699	Zm00001d048384
402	471A-1	m1	471	1	8/18	260	271	0	FALSE	vegetative_cell_high	30	38	30	1	2	0	R83B04	GRMZM2G142863	Zm00001d003947
402	471A-1	m2	471	1	8/17	130	164	0	FALSE	vegetative_cell_high	30	38	30	1	2	1	R83B04	GRMZM2G142863	Zm00001d003947
402	471A-1	m3	471	1	8/19	228	245	0	FALSE	vegetative_cell_high	30	38	30	1	2	0	R83B04	GRMZM2G142863	Zm00001d003947
402	471B-1	m1	471	1	8/17	236	228	0	FALSE	vegetative_cell_high	30	38	30	1	2	0	R83B04	GRMZM2G142863	Zm00001d003947
403	487B-2	m2	487	2	8/18	242	217	0	FALSE	vegetative_cell_high	21	29	19	2	2	0	R32B05	GRMZM2G134054	Zm00001d034839
403	487B-3	m1	487	3	8/19	172	191	0	FALSE	vegetative_cell_high	21	29	19	2	2	0	R32B05	GRMZM2G134054	Zm00001d034839
402	495B-1	m1	495	1	8/17	171	316	0	FALSE	vegetative_cell_high	51	49	8	2	2	0	R96C12	GRMZM2G082517	Zm00001d015901
403	495B-1	m2	495	1	8/16	130	300	0	FALSE	vegetative_cell_high	51	49	8	2	2	0	R96C12	GRMZM2G082517	Zm00001d015901
403	495B-1	m3	495	1	8/18	87	274	0	FALSE	vegetative_cell_high	51	49	8	2	2	0	R96C12	GRMZM2G082517	Zm00001d015901
402	495B-2	m1	495	2	8/15	151	458	0	FALSE	vegetative_cell_high	51	49	8	2	2	0	R96C12	GRMZM2G082517	Zm00001d015901
402	495B-5	m1	495	5	-	147	291	0	FALSE	vegetative_cell_high	51	49	8	2	2	0	R96C12	GRMZM2G082517	Zm00001d015901
402	443B-1	m1	443	1	8/17	287	265	0	FALSE	sperm_cell_high	9	30	15	1	2	0	R37A04	GRMZM2G352898	Zm00001d048434
403	443B-3	m1	443	3	8/15	222	237	0	FALSE	sperm_cell_high	9	30	15	1	2	0	R37A04	GRMZM2G352898	Zm00001d048434
402	443B-5	m1	443	5	8/17	308	272	0	FALSE	sperm_cell_high	9	30	15	1	2	1	R37A04	GRMZM2G352898	Zm00001d048434
403	443B-5	m2	443	5	8/16	117	115	0	FALSE	sperm_cell_high	9	30	15	1	2	0	R37A04	GRMZM2G352898	Zm00001d048434
402	443B-5	m3	443	5	8/15	262	246	0	FALSE	sperm_cell_high	9	30	15	1	2	0	R37A04	GRMZM2G352898	Zm00001d048434
402	469B-2	m1	469	2	8/17	238	269	0	FALSE	vegetative_cell_high	29	16	50	1	2	0	R81G05	GRMZM5G876898	Zm00001d002258
402	449BL-3	m1	449	3	9/2	113	140	0	FALSE	seedling_only	6	5	45	1	1	0	R52B09	GRMZM2G342243	Zm00001d036283
402	452B-5	m1	452	5	8/19	205	214	0	FALSE	seedling_only	14	8	48	1	2	0	R53F11	GRMZM2G127798	Zm00001d035925
402	452B-5	m2	452	5	8/20	138	124	0	FALSE	seedling_only	14	8	48	1	2	0	R53F11	GRMZM2G127798	Zm00001d035925
402	452B-5	m3	452	5	8/18	182	181	0	FALSE	seedling_only	14	8	48	1	2	0	R53F11	GRMZM2G127798	Zm00001d035925
400	452BL-1	m1	452	1	8/28	144	181	0	FALSE	seedling_only	14	8	48	1	2	0	R53F11	GRMZM2G127798	Zm00001d035925
403	465B-3	m1	465	3	8/18	150	160	0	FALSE	seedling_only	10	12	41	1	2	0	R76E07	GRMZM2G100288	Zm00001d029047
400	465BL-3	m1	465	3	8/30	174	155	0	FALSE	seedling_only	10	12	41	1	2	0	R76E07	GRMZM2G100288	Zm00001d029047
402	465BL-3	m2	465	3	8/31	274	288	0	FALSE	seedling_only	10	12	41	1	2	0	R76E07	GRMZM2G100288	Zm00001d029047
402	467B-3	m1	467	3	-	231	235	0	FALSE	seedling_only	7	18	40	1	2	0	R80E09	GRMZM2G111143	Zm00001d004768
400	467BL-1	m1	467	1	9/6	114	120	0	FALSE	seedling_only	7	18	40	1	2	0	R80E09	GRMZM2G111143	Zm00001d004768
400	467BL-1	m2	467	1	9/4	121	110	0	FALSE	seedling_only	7	18	40	1	2	0	R80E09	GRMZM2G111143	Zm00001d004768
400	467BL-1	m3	467	1	9/5	232	259	0	FALSE	seedling_only	7	18	40	1	2	0	R80E09	GRMZM2G111143	Zm00001d004768
402	472A-2	m1	472	2	8/17	232	204	1	FALSE	seedling_only	3	21	44	1	2	0	R83H05	GRMZM2G007283	Zm00001d005036
401	472A-4	m1	472	4	8/19	252	273	1	FALSE	seedling_only	3	21	44	1	2	0	R83H05	GRMZM2G007283	Zm00001d005036
403	472B-1	m1	472	1	-	221	254	0	FALSE	seedling_only	3	21	44	1	2	0	R83H05	GRMZM2G007283	Zm00001d005036
401	472BL-3	m1	472	3	8/31	148	149	0	FALSE	seedling_only	3	21	44	1	2	0	R83H05	GRMZM2G007283	Zm00001d005036
